{"models":[{"bodyParts":[{"name":"Body","models":[{"meshes":[{"meshId":0,"material":0,"element":0}]}]}]},{"bodyParts":[{"name":"Body","models":[{"meshes":[{"meshId":0,"material":1,"element":0}]}]}]}],"materials":[{"material":59,"meshData":{"attributes":["position","normal","uv"],"elements":[{"mode":4,"indexOffset":0,"indexCount":36,"vertexOffset":0,"vertexCount":192}],"vertices":[48,48,48,0,0,0.9999999,1.001979,0,48.00001,-48,48,0,0,0.9999999,1.001979,0.996094,-47.99999,-48,48,0,0,0.9999999,0.501979,1,-48,48,48,0,0,0.9999999,0.501979,0,48,48,48,0.9999999,4.371138E-08,0,0.5,0,47.99999,48,-48,0.9999999,4.371138E-08,0,0.5,1,48,-48,-48,0.9999999,4.371138E-08,0,0,1,48.00001,-48,48,0.9999999,4.371138E-08,0,0,0,48.00001,-48,48,4.371138E-08,-0.9999999,0,0.5,0,48,-48,-48,4.371138E-08,-0.9999999,0,0.5,0.996094,-48,-48,-48,4.371138E-08,-0.9999999,0,0,0.996094,-47.99999,-48,48,4.371138E-08,-0.9999999,0,0,0,-48,48,48,-4.371138E-08,0.9999999,0,0.5,0,-48.00001,48,-48,-4.371138E-08,0.9999999,0,0.5,1,47.99999,48,-48,-4.371138E-08,0.9999999,0,0,1,48,48,48,-4.371138E-08,0.9999999,0,0,0,-47.99999,-48,48,-0.9999999,-4.371138E-08,0,0,0,-48,-48,-48,-0.9999999,-4.371138E-08,0,0,1,-48.00001,48,-48,-0.9999999,-4.371138E-08,0,0.5,1,-48,48,48,-0.9999999,-4.371138E-08,0,0.5,0,48,-48,-48,0,0,-0.9999999,1.001979,0.996094,47.99999,48,-48,0,0,-0.9999999,0.501979,1,-48.00001,48,-48,0,0,-0.9999999,0.501979,0,-48,-48,-48,0,0,-0.9999999,1.001979,0],"indices":[0,1,2,0,2,3,4,5,6,4,6,7,8,9,10,8,10,11,12,13,14,12,14,15,16,17,18,16,18,19,20,21,22,20,22,23]}},{"material":62,"meshData":{"attributes":["position","normal","uv"],"elements":[{"mode":4,"indexOffset":0,"indexCount":48,"vertexOffset":0,"vertexCount":256}],"vertices":[-57.46713,28.9005,-0.133258,4.371138E-08,-0.9999999,0,0.003183,0.913152,-57.46711,28.9005,620.3704,4.371138E-08,-0.9999999,0,0.003183,0.294999,57.46716,28.90051,620.3704,4.371138E-08,-0.9999999,0,0.996567,0.294999,57.46713,28.90051,-0.133264,4.371138E-08,-0.9999999,0,0.996567,0.913152,-78.50754,8.633498,-0.133258,4.371138E-08,-0.9999999,0,0.001827,0.326833,-78.50751,8.633498,620.3704,4.371138E-08,-0.9999999,0,0.001827,0.042768,78.50757,8.633506,620.3704,4.371138E-08,-0.9999999,0,0.999447,0.042768,78.50754,8.633506,-0.133264,4.371138E-08,-0.9999999,0,0.999447,0.326833,-78.50754,-11.63351,-0.133258,4.371138E-08,-0.9999999,0,0.001827,0.885004,-78.50751,-11.63351,620.3704,4.371138E-08,-0.9999999,0,0.001827,0.394512,78.50757,-11.6335,620.3704,4.371138E-08,-0.9999999,0,0.999447,0.394512,78.50754,-11.6335,-0.133264,4.371138E-08,-0.9999999,0,0.999447,0.885004,-57.46713,-31.90051,-0.133258,4.371138E-08,-0.9999999,0,0.003183,0.597821,-57.46711,-31.90051,620.3704,4.371138E-08,-0.9999999,0,0.003183,0.024535,57.46716,-31.9005,620.3704,4.371138E-08,-0.9999999,0,0.996567,0.024535,57.46713,-31.9005,-0.133264,4.371138E-08,-0.9999999,0,0.996567,0.597821,-30.4005,-56.36349,-0.13326,0.9999999,4.371138E-08,0,0.004567,0.954189,-30.40048,-56.36349,620.3704,0.9999999,4.371138E-08,0,0.004567,0.450218,-30.40048,53.36349,620.3704,0.9999999,4.371138E-08,0,0.997444,0.450218,-30.40051,53.36349,-0.13326,0.9999999,4.371138E-08,0,0.997444,0.954189,-10.1335,-81.48731,-0.133261,0.9999999,4.371138E-08,0,-0.000233,0.328671,-10.13347,-81.48731,620.3704,0.9999999,4.371138E-08,0,-0.000233,0.011195,-10.13348,78.48731,620.3704,0.9999999,4.371138E-08,0,0.997198,0.011195,-10.13351,78.48731,-0.133261,0.9999999,4.371138E-08,0,0.997198,0.328671,10.13351,-81.48731,-0.133261,0.9999999,4.371138E-08,0,-0.000233,0.98962,10.13353,-81.48731,620.3704,0.9999999,4.371138E-08,0,-0.000233,0.390998,10.13352,78.48731,620.3704,0.9999999,4.371138E-08,0,0.997198,0.390998,10.1335,78.48731,-0.133261,0.9999999,4.371138E-08,0,0.997198,0.98962,30.40051,-56.36349,-0.133262,0.9999999,4.371138E-08,0,0.004567,0.706997,30.40053,-56.36349,620.3704,0.9999999,4.371138E-08,0,0.004567,0.293003,30.40053,53.36349,620.3704,0.9999999,4.371138E-08,0,0.997444,0.293003,30.4005,53.36349,-0.133262,0.9999999,4.371138E-08,0,0.997444,0.706997],"indices":[0,1,2,0,2,3,4,5,6,4,6,7,8,9,10,8,10,11,12,13,14,12,14,15,16,17,18,16,18,19,20,21,22,20,22,23,24,25,26,24,26,27,28,29,30,28,30,31]}}]}